,/atigpu/0/temperature/0,/atigpu/0/fan/0,/atigpu/0/control/0,/atigpu/0/clock/0,/atigpu/0/clock/1,/atigpu/0/voltage/0,/atigpu/0/load/0,/nvidiagpu/0/temperature/0,/nvidiagpu/0/fan/0,/nvidiagpu/0/clock/0,/nvidiagpu/0/clock/1,/nvidiagpu/0/clock/2,/nvidiagpu/0/load/0,/nvidiagpu/0/load/1,/nvidiagpu/0/load/2,/nvidiagpu/0/control/0,/nvidiagpu/0/smalldata/3,/nvidiagpu/0/smalldata/2,/nvidiagpu/0/smalldata/1,/nvidiagpu/0/load/3
Time,"GPU Core","GPU Fan","GPU Fan","GPU Core","GPU Memory","GPU Core","GPU Core","GPU Core","GPU","GPU Core","GPU Memory","GPU Shader","GPU Core","GPU Memory Controller","GPU Video Engine","GPU Fan","GPU Memory Total","GPU Memory Used","GPU Memory Free","GPU Memory"
01/26/2018 19:25:51,60.0000038,1204,34,1236,1750,1593741.75,100,58,1536,1733.50012,4252.5,3467.00024,100,65,0,46,3072,857.0664,2214.93359,27.8992977
01/26/2018 19:25:52,60.0000038,1201,34,1236,1750,1127240.13,100,58,1535,1733.50012,4252.5,3467.00024,99,65,0,46,3072,856.6289,2215.371,27.8850555
01/26/2018 19:25:53,60.0000038,1201,34,1236,1750,1593741.75,100,58,1540,1771.50012,4252.5,3543.00024,100,55,0,46,3072,856.8789,2215.121,27.8931942
01/26/2018 19:25:54,60.0000038,1202,34,1236,1750,1593741.75,100,58,1533,1708.50012,4252.5,3417.00024,100,51,0,46,3072,856.8789,2215.121,27.8931942
